 <!--
   Licensed to the Apache Software Foundation (ASF) under one or more
  contributor license agreements.  See the NOTICE file distributed with
  this work for additional information regarding copyright ownership.
  The ASF licenses this file to You under the Apache License, Version 2.0
  (the "License"); you may not use this file except in compliance with
  the License.  You may obtain a copy of the License at

       http://www.apache.org/licenses/LICENSE-2.0

   Unless required by applicable law or agreed to in writing, software
   distributed under the License is distributed on an "AS IS" BASIS,
   WITHOUT WARRANTIES OR CONDITIONS OF ANY KIND, either express or implied.
   See the License for the specific language governing permissions and
   limitations under the License.
  -->
<project
    xmlns:j="jelly:core"
    xmlns:ant="jelly:ant">

  <!-- ============== DIST ================== -->
  <postGoal name="dist:prepare-bin-filesystem">
    <attainGoal name="announcement:generate" />
    <j:set var="maven.dist.bin.assembly.dir" 
    value="${pom.getPluginContext('maven-dist-plugin').getVariable('maven.dist.bin.assembly.dir')}" />
    
    <!-- Copy Files -->
    <ant:copy todir="${maven.dist.bin.assembly.dir}">
      <ant:fileset dir=".">
        <ant:include name="NOTICE.txt"/>
        <ant:include name="RELEASE-NOTES.txt"/>
      </ant:fileset>
    </ant:copy>

    <!-- Copy Jars -->
    <ant:copy todir="${maven.dist.bin.assembly.dir}">
      <ant:fileset dir="${maven.build.dir}">
        <ant:include name="*.jar"/>
      </ant:fileset>
    </ant:copy>

  </postGoal>
  
  <postGoal name="dist:prepare-src-filesystem">
    <j:set var="maven.dist.src.assembly.dir" value="${pom.getPluginContext('maven-dist-plugin').getVariable('maven.dist.src.assembly.dir')}" />
    
    <!-- Copy Files -->
    <ant:copy todir="${maven.dist.src.assembly.dir}">
      <ant:fileset dir=".">
        <ant:include name="NOTICE.txt"/>
        <ant:include name="build.properties.sample"/>
        <ant:include name="RELEASE-NOTES.txt"/>
        <ant:include name="release-notes.jsl"/>
        <ant:include name="checkstyle.xml"/>
      </ant:fileset>
    </ant:copy>

    <!-- Copy Jars -->
    <ant:copy todir="${maven.dist.src.assembly.dir}">
      <ant:fileset dir="${maven.build.dir}">
        <ant:include name="*.jar"/>
      </ant:fileset>
    </ant:copy>
    
    <!-- Copy XDocs -->
    <ant:copy todir="${maven.dist.src.assembly.dir}/xdocs">
      <ant:fileset dir="xdocs" />
    </ant:copy>
    
    <!-- Copy doc directory -->
    <ant:copy todir="${maven.dist.src.assembly.dir}/doc">
      <ant:fileset dir="doc" />
    </ant:copy>

  </postGoal>
  
  <postGoal name="dist:build-bin">
    <j:set var="distDir" value="${pom.getPluginContext('maven-dist-plugin').getVariable('maven.dist.dir')}"/>
    <j:set var="finalName" value="${pom.getPluginContext('maven-dist-plugin').getVariable('maven.final.name')}"/>
    <ant:checksum file="${distDir}/${finalName}.tar.gz"/>
    <ant:checksum file="${distDir}/${finalName}.zip"/>
  </postGoal>
  
  <postGoal name="dist:build-src">
    <j:set var="distDir" value="${pom.getPluginContext('maven-dist-plugin').getVariable('maven.dist.dir')}"/>
    <j:set var="finalName" value="${pom.getPluginContext('maven-dist-plugin').getVariable('maven.final.name')}"/>
    <ant:checksum file="${distDir}/${finalName}-src.tar.gz"/>
    <ant:checksum file="${distDir}/${finalName}-src.zip"/>
  </postGoal>
  
  <!-- Use ant to regen javadoc, since maven refuses to include more than
       one package, and jocl is not a subpackage of dbcp. -->
  <postGoal name="site">
    <j:set var="destDir" value="${pom.getPluginContext('maven-javadoc-plugin').getVariable('maven.javadoc.destdir')}"/>
    <j:set var="libDir" value="${user.home}/.maven/repository"/>
    <ant:path id="build.classpath">
      <ant:pathelement 
        location="${libDir}/commons-pool/jars/commons-pool-1.3.jar">
      </ant:pathelement>
      <ant:pathelement 
        location="${libdir}/xerces/jars/xercesImpl-2.8.0.jar">
      </ant:pathelement>
    </ant:path>
    <ant:delete dir="${destDir}"/>
    <ant:mkdir dir="${destDir}"/>
    <ant:tstamp>
      <ant:format pattern="2001-yyyy" property="year"/>
    </ant:tstamp>
    <ant:property name="copyright" 
      value="Copyright &amp;copy;  The Apache Software Foundation. All Rights Reserved."/>
    <ant:property name="title" value="${pom.name} ${pom.currentVersion} API"/>
    <ant:javadoc use="true"  
       destdir="${destDir}" author="true"
       version="true"
       protected="true"
       sourcepath="${basedir}/src/java" 
       windowtitle="${pom.name} ${pom.currentVersion} API"
       doctitle="${pom.name} ${pom.currentVersion} API"
       bottom="Copyright &amp;copy;  The Apache Software Foundation. All Rights Reserved."
       packagenames="org.apache.commons.*">
      <ant:classpath>
        <ant:path refid="build.classpath"/>
      </ant:classpath>
      <ant:link href="http://java.sun.com/j2se/1.5.0/docs/api"/>
      <ant:link href="http://jakarta.apache.org/commons/pool/apidocs"/>
    </ant:javadoc>
  </postGoal>
   
</project>
